{
  "camera_id": "cam_01",
  "frame_width": 1280,
  "frame_height": 720,
  "turn_corridors": {},
  "exit_zones": {},
  "lanes": [
    {
      "lane_id": 1,
      "polygon": [
        [
          0.40234375,
          0.35694444444444445
        ],
        [
          0.4296875,
          0.35694444444444445
        ],
        [
          0.37421875,
          0.8944444444444445
        ],
        [
          0.3671875,
          1.0
        ],
        [
          0.3,
          1.0
        ],
        [
          0.3453125,
          0.725
        ]
      ],
      "allowed_maneuvers": [
        "straight",
        "right"
      ],
      "allowed_lane_changes": [
        1
      ],
      "allowed_vehicle_types": [
        "motorcycle",
        "truck",
        "bus",
        "car"
      ]
    },
    {
      "lane_id": 2,
      "polygon": [
        [
          0.51328125,
          0.9972222222222222
        ],
        [
          0.4765625,
          0.35555555555555557
        ],
        [
          0.5234375,
          0.35
        ],
        [
          0.58125,
          0.6888888888888889
        ],
        [
          0.6375,
          0.9986111111111111
        ]
      ],
      "allowed_maneuvers": [
        "straight",
        "left"
      ],
      "allowed_lane_changes": [
        2
      ],
      "allowed_vehicle_types": [
        "motorcycle",
        "truck",
        "bus"
      ]
    },
    {
      "lane_id": 3,
      "polygon": [
        [
          0.525,
          0.34444444444444444
        ],
        [
          0.565625,
          0.34305555555555556
        ],
        [
          0.76171875,
          0.9958333333333333
        ],
        [
          0.6390625,
          1.0
        ],
        [
          0.6125,
          0.8625
        ],
        [
          0.58125,
          0.6791666666666667
        ],
        [
          0.53125,
          0.39444444444444443
        ]
      ],
      "allowed_maneuvers": [
        "straight",
        "left"
      ],
      "allowed_lane_changes": [
        3
      ],
      "allowed_vehicle_types": [
        "motorcycle",
        "car",
        "truck",
        "bus"
      ]
    }
  ]
}
