{
  "camera_id": "cam_03",
  "frame_width": 3840,
  "frame_height": 2160,
  "lanes": [
    {
      "lane_id": 1,
      "polygon": [
        [
          0.38515625,
          0.29583333333333334
        ],
        [
          0.48984375,
          0.3375
        ],
        [
          0.5078125,
          0.34305555555555556
        ],
        [
          0.4953125,
          0.3972222222222222
        ],
        [
          0.49609375,
          0.5791666666666667
        ],
        [
          0.4890625,
          0.6291666666666667
        ],
        [
          0.4921875,
          0.9944444444444445
        ],
        [
          0.14140625,
          1.0
        ],
        [
          0.28671875,
          0.5583333333333333
        ],
        [
          0.35234375,
          0.39166666666666666
        ]
      ],
      "allowed_lane_changes": [
        1
      ],
      "allowed_vehicle_types": [
        "motorcycle",
        "car",
        "truck",
        "bus"
      ],
      "direction_rule": {
        "enabled": true,
        "direction_path": [
          [
            0.29453125,
            0.9986111111111111
          ],
          [
            0.4421875,
            0.32083333333333336
          ]
        ]
      },
      "maneuvers": {
        "straight": {
          "enabled": true,
          "allowed": false,
          "movement_path": [
            [
              0.4421875,
              0.3194444444444444
            ],
            [
              0.28671875,
              1.0
            ]
          ],
          "corridor_width_px": 512
        },
        "right": {
          "enabled": true,
          "allowed": true,
          "corridor_width_px": 82
        },
        "left": {
          "enabled": true,
          "allowed": false,
          "corridor_width_px": 82
        },
        "u_turn": {
          "enabled": true,
          "allowed": false,
          "corridor_width_px": 104
        }
      }
    },
    {
      "lane_id": 2,
      "polygon": [
        [
          0.50078125,
          0.625
        ],
        [
          0.50546875,
          0.5944444444444444
        ],
        [
          0.50234375,
          0.39444444444444443
        ],
        [
          0.51171875,
          0.34305555555555556
        ],
        [
          0.59765625,
          0.31666666666666665
        ],
        [
          0.63671875,
          0.39166666666666666
        ],
        [
          0.68125,
          0.48194444444444445
        ],
        [
          0.71171875,
          0.5333333333333333
        ],
        [
          0.84921875,
          0.9986111111111111
        ],
        [
          0.51015625,
          1.0
        ]
      ],
      "allowed_lane_changes": [
        2
      ],
      "allowed_vehicle_types": [
        "motorcycle",
        "car",
        "truck",
        "bus"
      ],
      "direction_rule": {
        "enabled": true,
        "direction_path": [
          [
            0.56015625,
            0.3277777777777778
          ],
          [
            0.61171875,
            0.5597222222222222
          ],
          [
            0.68515625,
            0.9888888888888889
          ]
        ]
      },
      "maneuvers": {
        "straight": {
          "enabled": true,
          "allowed": true,
          "movement_path": [
            [
              0.67734375,
              0.9902777777777778
            ],
            [
              0.6546875,
              0.625
            ],
            [
              0.55625,
              0.3388888888888889
            ]
          ],
          "corridor_width_px": 115
        },
        "right": {
          "enabled": true,
          "allowed": false,
          "corridor_width_px": 82
        },
        "left": {
          "enabled": true,
          "allowed": false,
          "corridor_width_px": 82
        },
        "u_turn": {
          "enabled": true,
          "allowed": false,
          "corridor_width_px": 104
        }
      }
    }
  ]
}