{
  "camera_id": "cam_03",
  "frame_width": 1920,
  "frame_height": 1080,
  "lanes": [
    {
      "lane_id": 1,
      "polygon": [
        [
          0.39010416666666664,
          0.3175925925925926
        ],
        [
          0.5026041666666666,
          0.3574074074074074
        ],
        [
          0.4953125,
          0.40370370370370373
        ],
        [
          0.496875,
          0.5675925925925925
        ],
        [
          0.48802083333333335,
          0.6509259259259259
        ],
        [
          0.49166666666666664,
          0.6796296296296296
        ],
        [
          0.4895833333333333,
          0.9981481481481481
        ],
        [
          0.30885416666666665,
          1.0
        ],
        [
          0.14375,
          1.0
        ],
        [
          0.19375,
          0.8194444444444444
        ],
        [
          0.2515625,
          0.6620370370370371
        ],
        [
          0.26875,
          0.6018518518518519
        ],
        [
          0.32916666666666666,
          0.44814814814814813
        ]
      ],
      "allowed_lane_changes": [
        1
      ],
      "allowed_vehicle_types": [
        "motorcycle",
        "car",
        "truck",
        "bus"
      ],
      "direction_rule": {
        "enabled": true,
        "direction_path": [
          [
            0.3234375,
            0.9962962962962963
          ],
          [
            0.33177083333333335,
            0.7638888888888888
          ],
          [
            0.35260416666666666,
            0.5861111111111111
          ],
          [
            0.38177083333333334,
            0.4361111111111111
          ],
          [
            0.4166666666666667,
            0.3194444444444444
          ]
        ]
      },
      "maneuvers": {
        "straight": {
          "enabled": true,
          "allowed": true
        }
      }
    },
    {
      "lane_id": 2,
      "polygon": [
        [
          0.5135416666666667,
          0.3472222222222222
        ],
        [
          0.6145833333333334,
          0.3277777777777778
        ],
        [
          0.6447916666666667,
          0.4101851851851852
        ],
        [
          0.6869791666666667,
          0.487962962962963
        ],
        [
          0.71875,
          0.5611111111111111
        ],
        [
          0.853125,
          1.0
        ],
        [
          0.5088541666666667,
          1.0
        ],
        [
          0.5026041666666666,
          0.6703703703703704
        ],
        [
          0.5005208333333333,
          0.6509259259259259
        ],
        [
          0.5057291666666667,
          0.587037037037037
        ],
        [
          0.5026041666666666,
          0.38981481481481484
        ],
        [
          0.5078125,
          0.3712962962962963
        ]
      ],
      "allowed_lane_changes": [
        2
      ],
      "allowed_vehicle_types": [
        "motorcycle",
        "car",
        "truck",
        "bus"
      ],
      "maneuvers": {
        "straight": {
          "enabled": true,
          "allowed": true
        }
      }
    },
    {
      "lane_id": 3,
      "polygon": [
        [
          0.7286458333333333,
          0.35555555555555557
        ],
        [
          0.7901041666666667,
          0.4166666666666667
        ],
        [
          0.8703125,
          0.5148148148148148
        ],
        [
          0.9255208333333333,
          0.5981481481481481
        ],
        [
          0.9989583333333333,
          0.7333333333333333
        ],
        [
          0.9953125,
          0.9944444444444445
        ],
        [
          0.8734375,
          0.9953703703703703
        ],
        [
          0.8052083333333333,
          0.7870370370370371
        ],
        [
          0.7213541666666666,
          0.5370370370370371
        ],
        [
          0.703125,
          0.4962962962962963
        ],
        [
          0.6510416666666666,
          0.3972222222222222
        ],
        [
          0.64375,
          0.3768518518518518
        ],
        [
          0.6354166666666666,
          0.35185185185185186
        ]
      ],
      "allowed_lane_changes": [
        3
      ],
      "allowed_vehicle_types": [
        "motorcycle",
        "car",
        "truck",
        "bus"
      ],
      "maneuvers": {
        "straight": {
          "enabled": true,
          "allowed": true
        }
      }
    }
  ]
}