{
  "camera_id": "cam_01",
  "frame_width": 1280,
  "frame_height": 720,
  "lanes": [
    {
      "lane_id": 1,
      "polygon": [
        [
          0.00234375,
          0.8763888888888889
        ],
        [
          0.1515625,
          0.5486111111111112
        ],
        [
          0.19921875,
          0.43333333333333335
        ],
        [
          0.25234375,
          0.28888888888888886
        ],
        [
          0.2734375,
          0.06527777777777778
        ],
        [
          0.33984375,
          0.06111111111111111
        ],
        [
          0.35625,
          0.1361111111111111
        ],
        [
          0.38203125,
          0.2902777777777778
        ],
        [
          0.39375,
          0.33055555555555555
        ],
        [
          0.39375,
          0.41388888888888886
        ],
        [
          0.3890625,
          0.5277777777777778
        ],
        [
          0.3625,
          0.7361111111111112
        ],
        [
          0.32265625,
          1.0
        ],
        [
          0.028125,
          1.0
        ],
        [
          0.0,
          0.9902777777777778
        ]
      ],
      "allowed_lane_changes": [
        1
      ],
      "allowed_vehicle_types": [
        "motorcycle",
        "car",
        "truck",
        "bus"
      ],
      "maneuvers": {
        "straight": {
          "enabled": true,
          "allowed": true
        }
      }
    }
  ]
}