{
  "camera_id": "cam_03",
  "frame_width": 1920,
  "frame_height": 1080,
  "lanes": [
    {
      "lane_id": 1,
      "polygon": [
        [
          0.38515625,
          0.29583333333333334
        ],
        [
          0.48984375,
          0.3375
        ],
        [
          0.5078125,
          0.34305555555555556
        ],
        [
          0.4953125,
          0.3972222222222222
        ],
        [
          0.49609375,
          0.5791666666666667
        ],
        [
          0.4890625,
          0.6291666666666667
        ],
        [
          0.4921875,
          0.9944444444444445
        ],
        [
          0.14140625,
          1.0
        ],
        [
          0.28671875,
          0.5583333333333333
        ],
        [
          0.35234375,
          0.39166666666666666
        ]
      ],
      "allowed_lane_changes": [
        1
      ],
      "allowed_vehicle_types": [
        "motorcycle",
        "car",
        "truck",
        "bus"
      ],
      "direction_rule": {
        "enabled": true,
        "direction_path": [
          [
            0.29453125,
            0.9986111111111111
          ],
          [
            0.4421875,
            0.32083333333333336
          ]
        ],
        "check_zone": [
          [
            0.14166666666666666,
            0.9944444444444445
          ],
          [
            0.490625,
            0.9916666666666667
          ],
          [
            0.48854166666666665,
            0.6277777777777778
          ],
          [
            0.4953125,
            0.5796296296296296
          ],
          [
            0.496875,
            0.3907407407407407
          ],
          [
            0.50625,
            0.3472222222222222
          ],
          [
            0.3875,
            0.2953703703703704
          ],
          [
            0.3072916666666667,
            0.5083333333333333
          ],
          [
            0.2640625,
            0.6296296296296297
          ]
        ]
      },
      "maneuvers": {
        "straight": {
          "enabled": true,
          "allowed": false,
          "turn_zone": [
            [
              0.22495156466781072,
              0.9554043723134488
            ],
            [
              0.3484859353321893,
              1.0
            ],
            [
              0.5039546853321892,
              0.36404007213099565
            ],
            [
              0.38042031466781073,
              0.27484881675789324
            ]
          ]
        },
        "right": {
          "enabled": true,
          "allowed": true
        }
      }
    },
    {
      "lane_id": 2,
      "polygon": [
        [
          0.50078125,
          0.625
        ],
        [
          0.50546875,
          0.5944444444444444
        ],
        [
          0.50234375,
          0.39444444444444443
        ],
        [
          0.51171875,
          0.34305555555555556
        ],
        [
          0.59765625,
          0.31666666666666665
        ],
        [
          0.63671875,
          0.39166666666666666
        ],
        [
          0.68125,
          0.48194444444444445
        ],
        [
          0.71171875,
          0.5333333333333333
        ],
        [
          0.84921875,
          0.9986111111111111
        ],
        [
          0.51015625,
          1.0
        ]
      ],
      "allowed_lane_changes": [
        2
      ],
      "allowed_vehicle_types": [
        "motorcycle",
        "car",
        "truck",
        "bus"
      ],
      "direction_rule": {
        "enabled": true,
        "direction_path": [
          [
            0.56015625,
            0.3277777777777778
          ],
          [
            0.61171875,
            0.5597222222222222
          ],
          [
            0.68515625,
            0.9888888888888889
          ]
        ]
      },
      "maneuvers": {
        "straight": {
          "enabled": true,
          "allowed": true,
          "turn_zone": [
            [
              0.669205008966244,
              0.6161776182553317
            ],
            [
              0.5690239400047867,
              0.32499877936912086
            ],
            [
              0.5434760599952132,
              0.35277899840865695
            ],
            [
              0.640169991033756,
              0.6338223817446683
            ],
            [
              0.6624600012560015,
              0.9931954201171167
            ],
            [
              0.6922274987439985,
              0.9873601354384389
            ]
          ]
        }
      }
    }
  ]
}