{
  "camera_id": "cam_01",
  "frame_width": 1280,
  "frame_height": 720,
  "lanes": [
    {
      "lane_id": 1,
      "polygon": [
        [
          0.00234375,
          0.8763888888888889
        ],
        [
          0.1515625,
          0.5486111111111112
        ],
        [
          0.19921875,
          0.43333333333333335
        ],
        [
          0.25234375,
          0.28888888888888886
        ],
        [
          0.2734375,
          0.06527777777777778
        ],
        [
          0.33984375,
          0.06111111111111111
        ],
        [
          0.35625,
          0.1361111111111111
        ],
        [
          0.38203125,
          0.2902777777777778
        ],
        [
          0.39375,
          0.33055555555555555
        ],
        [
          0.39375,
          0.41388888888888886
        ],
        [
          0.3890625,
          0.5277777777777778
        ],
        [
          0.3625,
          0.7361111111111112
        ],
        [
          0.32265625,
          1.0
        ],
        [
          0.028125,
          1.0
        ],
        [
          0.0,
          0.9902777777777778
        ]
      ],
      "allowed_lane_changes": [
        1
      ],
      "allowed_vehicle_types": [
        "motorcycle",
        "car",
        "truck",
        "bus"
      ],
      "direction_rule": {
        "enabled": true,
        "direction_path": [
          [
            0.30859375,
            0.06388888888888888
          ],
          [
            0.32109375,
            0.2833333333333333
          ],
          [
            0.27265625,
            0.5125
          ],
          [
            0.13671875,
            0.9888888888888889
          ]
        ]
      },
      "maneuvers": {
        "straight": {
          "enabled": true,
          "allowed": true
        }
      }
    },
    {
      "lane_id": 2,
      "polygon": [
        [
          0.34375,
          0.05555555555555555
        ],
        [
          0.371875,
          0.05277777777777778
        ],
        [
          0.42421875,
          0.16527777777777777
        ],
        [
          0.49765625,
          0.32916666666666666
        ],
        [
          0.51328125,
          0.38333333333333336
        ],
        [
          0.5328125,
          0.48055555555555557
        ],
        [
          0.55,
          0.6166666666666667
        ],
        [
          0.5640625,
          0.7652777777777777
        ],
        [
          0.57734375,
          0.9986111111111111
        ],
        [
          0.4078125,
          0.9986111111111111
        ],
        [
          0.4265625,
          0.7722222222222223
        ],
        [
          0.4359375,
          0.6263888888888889
        ],
        [
          0.4359375,
          0.4375
        ],
        [
          0.42734375,
          0.325
        ],
        [
          0.40859375,
          0.2708333333333333
        ]
      ],
      "allowed_lane_changes": [
        2
      ],
      "allowed_vehicle_types": [
        "motorcycle",
        "car",
        "truck",
        "bus"
      ],
      "direction_rule": {
        "enabled": true,
        "direction_path": [
          [
            0.3578125,
            0.05416666666666667
          ],
          [
            0.44296875,
            0.27361111111111114
          ],
          [
            0.46640625,
            0.34305555555555556
          ],
          [
            0.4875,
            0.475
          ],
          [
            0.496875,
            0.6263888888888889
          ],
          [
            0.49765625,
            0.9902777777777778
          ]
        ]
      },
      "maneuvers": {
        "straight": {
          "enabled": true,
          "allowed": true
        }
      }
    },
    {
      "lane_id": 3,
      "polygon": [
        [
          0.99921875,
          0.40694444444444444
        ],
        [
          1.0,
          0.5222222222222223
        ],
        [
          0.96875,
          0.5708333333333333
        ],
        [
          0.93671875,
          0.625
        ],
        [
          0.9125,
          0.6736111111111112
        ],
        [
          0.88125,
          0.7625
        ],
        [
          0.71171875,
          0.6875
        ],
        [
          0.75546875,
          0.6111111111111112
        ],
        [
          0.81484375,
          0.5416666666666666
        ],
        [
          0.8796875,
          0.48055555555555557
        ],
        [
          0.94140625,
          0.43472222222222223
        ],
        [
          0.97265625,
          0.4152777777777778
        ]
      ],
      "allowed_lane_changes": [
        3
      ],
      "allowed_vehicle_types": [
        "motorcycle",
        "car",
        "truck",
        "bus"
      ],
      "direction_rule": {
        "enabled": true,
        "direction_path": [
          [
            0.9979166666666667,
            0.49537037037037035
          ],
          [
            0.740625,
            0.6185185185185185
          ],
          [
            0.55,
            0.675
          ]
        ]
      },
      "maneuvers": {
        "straight": {
          "enabled": true,
          "allowed": true
        },
        "right": {
          "enabled": true,
          "allowed": false,
          "turn_zone": [
            [
              0.7130208333333333,
              0.687037037037037
            ],
            [
              0.8822916666666667,
              0.7694444444444445
            ],
            [
              0.859375,
              0.875
            ],
            [
              0.8473958333333333,
              1.0
            ],
            [
              0.6057291666666667,
              0.9944444444444445
            ],
            [
              0.6338541666666667,
              0.8907407407407407
            ],
            [
              0.6666666666666666,
              0.7898148148148149
            ]
          ]
        },
        "left": {
          "enabled": true,
          "allowed": false,
          "turn_zone": [
            [
              0.7114583333333333,
              0.6861111111111111
            ],
            [
              0.6645833333333333,
              0.7935185185185185
            ],
            [
              0.6338541666666667,
              0.8925925925925926
            ],
            [
              0.6057291666666667,
              0.9962962962962963
            ],
            [
              0.8484375,
              1.0
            ],
            [
              0.8557291666666667,
              0.8972222222222223
            ],
            [
              0.8755208333333333,
              0.7935185185185185
            ],
            [
              0.8802083333333334,
              0.7703703703703704
            ]
          ]
        }
      }
    }
  ]
}