{
  "camera_id": "cam_01",
  "frame_width": 1280,
  "frame_height": 720,
  "lanes": [
    {
      "lane_id": 1,
      "polygon": [
        [
          0.40234375,
          0.35694444444444445
        ],
        [
          0.4296875,
          0.35694444444444445
        ],
        [
          0.37421875,
          0.8944444444444445
        ],
        [
          0.3671875,
          1.0
        ],
        [
          0.3,
          1.0
        ],
        [
          0.3453125,
          0.725
        ]
      ],
      "turn_regions": {},
      "allowed_maneuvers": [
        "straight",
        "right"
      ],
      "allowed_lane_changes": [
        1
      ]
    },
    {
      "lane_id": 2,
      "polygon": [
        [
          0.51328125,
          0.9972222222222222
        ],
        [
          0.4765625,
          0.35555555555555557
        ],
        [
          0.5234375,
          0.35
        ],
        [
          0.58125,
          0.6888888888888889
        ],
        [
          0.6375,
          0.9986111111111111
        ]
      ],
      "turn_regions": {},
      "allowed_maneuvers": [
        "straight",
        "left"
      ],
      "allowed_lane_changes": [
        2
      ]
    }
  ]
}